[{"nome":"RECEITA 0","ingredientes":null,"modoPreparo":null,"tipoReceita":"BEBIDA","tiposComida":null,"tipoCaloria":null,"tiposBebida":[{"nome":"ALCOÓLICA"}]},{"nome":"RECEITA 1","ingredientes":null,"modoPreparo":null,"tipoReceita":"COMIDA","tiposComida":[{"nome":"CARNE"}],"tipoCaloria":{"nome":"2  CALÓRICA"},"tiposBebida":null},{"nome":"RECEITA 10","ingredientes":null,"modoPreparo":null,"tipoReceita":"BEBIDA","tiposComida":null,"tipoCaloria":null,"tiposBebida":[{"nome":"APERITIVO"}]},{"nome":"RECEITA 11","ingredientes":null,"modoPreparo":null,"tipoReceita":"COMIDA","tiposComida":[{"nome":"CARNE"}],"tipoCaloria":{"nome":"1  POUCO CALORIA"},"tiposBebida":null},{"nome":"RECEITA 12","ingredientes":null,"modoPreparo":null,"tipoReceita":"COMIDA","tiposComida":[{"nome":"SOBREMESA"}],"tipoCaloria":{"nome":"1  POUCO CALORIA"},"tiposBebida":null},{"nome":"RECEITA 13","ingredientes":null,"modoPreparo":null,"tipoReceita":"COMIDA","tiposComida":[{"nome":"CARNE"}],"tipoCaloria":{"nome":"4  MUITO CALÓRICA"},"tiposBebida":null},{"nome":"RECEITA 14","ingredientes":null,"modoPreparo":null,"tipoReceita":"COMIDA","tiposComida":[{"nome":"SOBREMESA"}],"tipoCaloria":{"nome":"4  MUITO CALÓRICA"},"tiposBebida":null},{"nome":"RECEITA 15","ingredientes":null,"modoPreparo":null,"tipoReceita":"COMIDA","tiposComida":[{"nome":"SOBREMESA"}],"tipoCaloria":{"nome":"2  CALÓRICA"},"tiposBebida":null},{"nome":"RECEITA 16","ingredientes":null,"modoPreparo":null,"tipoReceita":"BEBIDA","tiposComida":null,"tipoCaloria":null,"tiposBebida":[{"nome":"SUCO NATURAL"}]},{"nome":"RECEITA 17","ingredientes":null,"modoPreparo":null,"tipoReceita":"COMIDA","tiposComida":[{"nome":"VEGETARIANA"}],"tipoCaloria":{"nome":"4  MUITO CALÓRICA"},"tiposBebida":null},{"nome":"RECEITA 18","ingredientes":null,"modoPreparo":null,"tipoReceita":"COMIDA","tiposComida":[{"nome":"PEIXE"}],"tipoCaloria":{"nome":"0  ZERO CALORIA"},"tiposBebida":null},{"nome":"RECEITA 19","ingredientes":null,"modoPreparo":null,"tipoReceita":"BEBIDA","tiposComida":null,"tipoCaloria":null,"tiposBebida":[{"nome":"SUCO NATURAL"}]},{"nome":"RECEITA 2","ingredientes":null,"modoPreparo":null,"tipoReceita":"COMIDA","tiposComida":[{"nome":"CARNE"}],"tipoCaloria":{"nome":"5  HIPER CALÓRICA"},"tiposBebida":null},{"nome":"RECEITA 20","ingredientes":null,"modoPreparo":null,"tipoReceita":"COMIDA","tiposComida":[{"nome":"VEGETARIANA"}],"tipoCaloria":{"nome":"5  HIPER CALÓRICA"},"tiposBebida":null},{"nome":"RECEITA 21","ingredientes":null,"modoPreparo":null,"tipoReceita":"BEBIDA","tiposComida":null,"tipoCaloria":null,"tiposBebida":[{"nome":"ALCOÓLICA"}]},{"nome":"RECEITA 22","ingredientes":null,"modoPreparo":null,"tipoReceita":"COMIDA","tiposComida":[{"nome":"VEGETARIANA"}],"tipoCaloria":{"nome":"4  MUITO CALÓRICA"},"tiposBebida":null},{"nome":"RECEITA 23","ingredientes":null,"modoPreparo":null,"tipoReceita":"COMIDA","tiposComida":[{"nome":"VEGETARIANA"}],"tipoCaloria":{"nome":"4  MUITO CALÓRICA"},"tiposBebida":null},{"nome":"RECEITA 24","ingredientes":null,"modoPreparo":null,"tipoReceita":"BEBIDA","tiposComida":null,"tipoCaloria":null,"tiposBebida":[{"nome":"SUCO NATURAL"}]},{"nome":"RECEITA 25","ingredientes":null,"modoPreparo":null,"tipoReceita":"COMIDA","tiposComida":[{"nome":"VEGETARIANA"}],"tipoCaloria":{"nome":"1  POUCO CALORIA"},"tiposBebida":null},{"nome":"RECEITA 26","ingredientes":null,"modoPreparo":null,"tipoReceita":"BEBIDA","tiposComida":null,"tipoCaloria":null,"tiposBebida":[{"nome":"SUCO NATURAL"}]},{"nome":"RECEITA 27","ingredientes":null,"modoPreparo":null,"tipoReceita":"BEBIDA","tiposComida":null,"tipoCaloria":null,"tiposBebida":[{"nome":"APERITIVO"}]},{"nome":"RECEITA 28","ingredientes":null,"modoPreparo":null,"tipoReceita":"COMIDA","tiposComida":[{"nome":"CARNE"}],"tipoCaloria":{"nome":"0  ZERO CALORIA"},"tiposBebida":null},{"nome":"RECEITA 29","ingredientes":null,"modoPreparo":null,"tipoReceita":"BEBIDA","tiposComida":null,"tipoCaloria":null,"tiposBebida":[{"nome":"ALCOÓLICA"}]},{"nome":"RECEITA 3","ingredientes":null,"modoPreparo":null,"tipoReceita":"BEBIDA","tiposComida":null,"tipoCaloria":null,"tiposBebida":[{"nome":"SUCO NATURAL"}]},{"nome":"RECEITA 30","ingredientes":null,"modoPreparo":null,"tipoReceita":"BEBIDA","tiposComida":null,"tipoCaloria":null,"tiposBebida":[{"nome":"SUCO NATURAL"}]},{"nome":"RECEITA 31","ingredientes":null,"modoPreparo":null,"tipoReceita":"COMIDA","tiposComida":[{"nome":"PEIXE"}],"tipoCaloria":{"nome":"2  CALÓRICA"},"tiposBebida":null},{"nome":"RECEITA 32","ingredientes":null,"modoPreparo":null,"tipoReceita":"COMIDA","tiposComida":[{"nome":"CARNE"}],"tipoCaloria":{"nome":"1  POUCO CALORIA"},"tiposBebida":null},{"nome":"RECEITA 33","ingredientes":null,"modoPreparo":null,"tipoReceita":"BEBIDA","tiposComida":null,"tipoCaloria":null,"tiposBebida":[{"nome":"ALCOÓLICA"}]},{"nome":"RECEITA 34","ingredientes":null,"modoPreparo":null,"tipoReceita":"BEBIDA","tiposComida":null,"tipoCaloria":null,"tiposBebida":[{"nome":"APERITIVO"}]},{"nome":"RECEITA 35","ingredientes":null,"modoPreparo":null,"tipoReceita":"BEBIDA","tiposComida":null,"tipoCaloria":null,"tiposBebida":[{"nome":"ALCOÓLICA"}]},{"nome":"RECEITA 36","ingredientes":null,"modoPreparo":null,"tipoReceita":"BEBIDA","tiposComida":null,"tipoCaloria":null,"tiposBebida":[{"nome":"ALCOÓLICA"}]},{"nome":"RECEITA 37","ingredientes":null,"modoPreparo":null,"tipoReceita":"BEBIDA","tiposComida":null,"tipoCaloria":null,"tiposBebida":[{"nome":"APERITIVO"}]},{"nome":"RECEITA 38","ingredientes":null,"modoPreparo":null,"tipoReceita":"BEBIDA","tiposComida":null,"tipoCaloria":null,"tiposBebida":[{"nome":"ALCOÓLICA"}]},{"nome":"RECEITA 39","ingredientes":null,"modoPreparo":null,"tipoReceita":"COMIDA","tiposComida":[{"nome":"VEGETARIANA"}],"tipoCaloria":{"nome":"5  HIPER CALÓRICA"},"tiposBebida":null},{"nome":"RECEITA 4","ingredientes":null,"modoPreparo":null,"tipoReceita":"BEBIDA","tiposComida":null,"tipoCaloria":null,"tiposBebida":[{"nome":"SUCO NATURAL"}]},{"nome":"RECEITA 40","ingredientes":null,"modoPreparo":null,"tipoReceita":"COMIDA","tiposComida":[{"nome":"SOBREMESA"}],"tipoCaloria":{"nome":"1  POUCO CALORIA"},"tiposBebida":null},{"nome":"RECEITA 41","ingredientes":null,"modoPreparo":null,"tipoReceita":"COMIDA","tiposComida":[{"nome":"PEIXE"}],"tipoCaloria":{"nome":"1  POUCO CALORIA"},"tiposBebida":null},{"nome":"RECEITA 42","ingredientes":null,"modoPreparo":null,"tipoReceita":"COMIDA","tiposComida":[{"nome":"SOBREMESA"}],"tipoCaloria":{"nome":"1  POUCO CALORIA"},"tiposBebida":null},{"nome":"RECEITA 43","ingredientes":null,"modoPreparo":null,"tipoReceita":"COMIDA","tiposComida":[{"nome":"CARNE"}],"tipoCaloria":{"nome":"5  HIPER CALÓRICA"},"tiposBebida":null},{"nome":"RECEITA 44","ingredientes":null,"modoPreparo":null,"tipoReceita":"BEBIDA","tiposComida":null,"tipoCaloria":null,"tiposBebida":[{"nome":"ALCOÓLICA"}]},{"nome":"RECEITA 45","ingredientes":null,"modoPreparo":null,"tipoReceita":"BEBIDA","tiposComida":null,"tipoCaloria":null,"tiposBebida":[{"nome":"ALCOÓLICA"}]},{"nome":"RECEITA 46","ingredientes":null,"modoPreparo":null,"tipoReceita":"COMIDA","tiposComida":[{"nome":"VEGETARIANA"}],"tipoCaloria":{"nome":"2  CALÓRICA"},"tiposBebida":null},{"nome":"RECEITA 47","ingredientes":null,"modoPreparo":null,"tipoReceita":"BEBIDA","tiposComida":null,"tipoCaloria":null,"tiposBebida":[{"nome":"SUCO NATURAL"}]},{"nome":"RECEITA 48","ingredientes":null,"modoPreparo":null,"tipoReceita":"COMIDA","tiposComida":[{"nome":"SOBREMESA"}],"tipoCaloria":{"nome":"1  POUCO CALORIA"},"tiposBebida":null},{"nome":"RECEITA 49","ingredientes":null,"modoPreparo":null,"tipoReceita":"BEBIDA","tiposComida":null,"tipoCaloria":null,"tiposBebida":[{"nome":"ALCOÓLICA"}]},{"nome":"RECEITA 5","ingredientes":null,"modoPreparo":null,"tipoReceita":"BEBIDA","tiposComida":null,"tipoCaloria":null,"tiposBebida":[{"nome":"APERITIVO"}]},{"nome":"RECEITA 6","ingredientes":null,"modoPreparo":null,"tipoReceita":"COMIDA","tiposComida":[{"nome":"SOBREMESA"}],"tipoCaloria":{"nome":"0  ZERO CALORIA"},"tiposBebida":null},{"nome":"RECEITA 7","ingredientes":null,"modoPreparo":null,"tipoReceita":"BEBIDA","tiposComida":null,"tipoCaloria":null,"tiposBebida":[{"nome":"SUCO NATURAL"}]},{"nome":"RECEITA 8","ingredientes":null,"modoPreparo":null,"tipoReceita":"COMIDA","tiposComida":[{"nome":"VEGETARIANA"}],"tipoCaloria":{"nome":"1  POUCO CALORIA"},"tiposBebida":null},{"nome":"RECEITA 9","ingredientes":null,"modoPreparo":null,"tipoReceita":"BEBIDA","tiposComida":null,"tipoCaloria":null,"tiposBebida":[{"nome":"APERITIVO"}]}]