[{"nome":"ABÓBORA COM LEGUMES","ingredientes":"1 ABÓBORA \nLEGUMES A VONTADE","modoPreparo":"","tipoReceita":"COMIDA","tiposComida":[{"nome":"VEGETARIANA"}],"tipoCaloria":{"nome":"2  CALÓRICA"},"tiposBebida":null,"tipoReceitaDetalhado":"COMIDA VEGETARIANA - 2  CALÓRICA"},{"nome":"ARROZ E FEIJÃO","ingredientes":"1/2 KG DE ARROZ\n1/2 KG DE FEIJAO\n10 FOLHAS DE LORO\n1 LITRO DE AGUA BOA","modoPreparo":"LAKÇSLDKJFAÇSKLDFJASLDF\nASDJFHASKLDJFHALSKDFHAKLSJDFHA\nSDKFJHASKDFHASK\nASDKJFASDFKAJF\nSADFJHASJKLDFHALSKDJFHASKLDFJHWQIUERYQWOYE\\\n","tipoReceita":"COMIDA","tiposComida":[{"nome":"GRÃOS"}],"tipoCaloria":{"nome":"1  POUCO CALORIA"},"tiposBebida":null,"tipoReceitaDetalhado":"COMIDA GRÃOS - 1  POUCO CALORIA"},{"nome":"BRÓCOLIS AFRODISÍACO","ingredientes":"1 BROCOLIS\n20 DENTES DE ALHO\n1 PEDACO GRANDE DE GENGIBRE\nCURRY\n","modoPreparo":"","tipoReceita":"COMIDA","tiposComida":[{"nome":"VEGETARIANA"}],"tipoCaloria":{"nome":"1  POUCO CALORIA"},"tiposBebida":null,"tipoReceitaDetalhado":"COMIDA VEGETARIANA - 1  POUCO CALORIA"},{"nome":"ESCODIDINHO DE MORANGA","ingredientes":"1 ABOBORA MORANGA MÉDIA\n2 GOMOS LINGUIÇA CALABRESA\n1 CEBOLA\n2 DENTES DE ALHO\n2 TOMATES\n1 COLHER DE AZEITE OLIVIA\n2 COLHERES DE MANTEIGA OU MARGARINA\nPARMESÃO À GOSTO\n1/2 CAIXA CREME DE LEITE\nSAL\nPIMENTA DO REINO OU CALABRESA, OU A DO SEU GOSTO.\nORÉGANO\n\n","modoPreparo":"MASSA:\n\nDESCASCAR E COZINHAR A MORANGA ATÉ PONTO DE PURÊ.\nESCORRER A AGUA E AMASSAR A MORANGA COZIDA.\nACRESCENTAR À MASSA AS 2 COLHERES DE MARGARINA E 1/2 CAIXA CREME DE LEITE\nSAL, A GOSTO.\n\nRECHEIO:\n\nPICAR OS GOMOS DA LINGUIÇA.\nPICAR A CEBOLA, OS ALHOS E OS TOMATES, TIPO VINAGRETS.\nCOLOCAR UMA COLHER DE AZEITE, O ALHO E A CEBOLA NA PANELA E REFOGAR ATÉ DOURAR.\nDEPOIS, ACRESCENTAR A CALABRESA PICADA, OS TOMATES E A PIMENTA E REFOGAR.\n\nMONTAGEM:\n\nNUMA REFRATÁRIA UNTADA, ESPALHAR UMA CAMADA FINA DA MASSA.\nPOR CIMA, ESPALHAR O RECHEIO.\nCOBRIR COM O RESTANTE DA MASSA.\nCOBRIR COM QUEIJO PARMESÃO.\n\nGRATINAR POR 10 MINUTOS.\n\n\n\n\n\n\n\n ","tipoReceita":"COMIDA","tiposComida":[{"nome":"ESCONDIDINHO"}],"tipoCaloria":{"nome":"2  CALÓRICA"},"tiposBebida":null,"tipoReceitaDetalhado":"COMIDA ESCONDIDINHO - 2  CALÓRICA"},{"nome":"FAROFA PIRLIMPIMPIM","ingredientes":"1 CEBOLA\n20 AZEITONAS PICADAS\n3 TOMATES\n3 OVOS\n300 GR DE FARINHA MANDIOCA TORRADA\n3 CONDIMENTOS\nOLEO VEGETAL\nOLEO OLIVA\nMANTEIGA","modoPreparo":"ALSKDFJLA\nASLDKFJASLDKFJ\nLKAJSDF\n","tipoReceita":"COMIDA","tiposComida":[{"nome":"VEGETARIANA"}],"tipoCaloria":{"nome":"1  POUCO CALORIA"},"tiposBebida":null,"tipoReceitaDetalhado":"COMIDA VEGETARIANA - 1  POUCO CALORIA"},{"nome":"PIZZA DE BACALHAU","ingredientes":"TODOS DE UMA PIZZA\n1/2 KG DE BACALHAUS","modoPreparo":"PREPARAR COM OLEO OLIVA","tipoReceita":"COMIDA","tiposComida":[{"nome":"PIZZA"}],"tipoCaloria":{"nome":"4  MUITO CALÓRICA"},"tiposBebida":null,"tipoReceitaDetalhado":"COMIDA PIZZA - 4  MUITO CALÓRICA"},{"nome":"RECEITA 18","ingredientes":"1\nTexto é um conjunto de palavras e frases encadeadas que permitem interpretação e transmitem uma mensagem. É qualquer obra escrita em versão original e que constitui um livro ou um documento escrito. Um texto é uma unidade linguística de extensão superior à frase.\n2\nTexto é um conjunto de palavras e frases encadeadas que permitem interpretação e transmitem uma mensagem. É qualquer obra escrita em versão original e que constitui um livro ou um documento escrito. Um texto é uma unidade linguística de extensão superior à frase.\n3\nTexto é um conjunto de palavras e frases encadeadas que permitem interpretação e transmitem uma mensagem. É qualquer obra escrita em versão original e que constitui um livro ou um documento escrito. Um texto é uma unidade linguística de extensão superior à frase.\n4\nTexto é um conjunto de palavras e frases encadeadas que permitem interpretação e transmitem uma mensagem. É qualquer obra escrita em versão original e que constitui um livro ou um documento escrito. Um texto é uma unidade linguística de extensão superior à frase.\n5\nTexto é um conjunto de palavras e frases encadeadas que permitem interpretação e transmitem uma mensagem. É qualquer obra escrita em versão original e que constitui um livro ou um documento escrito. Um texto é uma unidade linguística de extensão superior à frase.\n6\nTexto é um conjunto de palavras e frases encadeadas que permitem interpretação e transmitem uma mensagem. É qualquer obra escrita em versão original e que constitui um livro ou um documento escrito. Um texto é uma unidade linguística de extensão superior à frase.\n7\nTexto é um conjunto de palavras e frases encadeadas que permitem interpretação e transmitem uma mensagem. É qualquer obra escrita em versão original e que constitui um livro ou um documento escrito. Um texto é uma unidade linguística de extensão superior à frase.\n8\nTexto é um conjunto de palavras e frases encadeadas que permitem interpretação e transmitem uma mensagem. É qualquer obra escrita em versão original e que constitui um livro ou um documento escrito. Um texto é uma unidade linguística de extensão superior à frase.\n9\nTexto é um conjunto de palavras e frases encadeadas que permitem interpretação e transmitem uma mensagem. É qualquer obra escrita em versão original e que constitui um livro ou um documento escrito. Um texto é uma unidade linguística de extensão superior à frase.\n10\nTexto é um conjunto de palavras e frases encadeadas que permitem interpretação e transmitem uma mensagem. É qualquer obra escrita em versão original e que constitui um livro ou um documento escrito. Um texto é uma unidade linguística de extensão superior à frase.\n11\nTexto é um conjunto de palavras e frases encadeadas que permitem interpretação e transmitem uma mensagem. É qualquer obra escrita em versão original e que constitui um livro ou um documento escrito. Um texto é uma unidade linguística de extensão superior à frase.\n12\nTexto é um conjunto de palavras e frases encadeadas que permitem interpretação e transmitem uma mensagem. É qualquer obra escrita em versão original e que constitui um livro ou um documento escrito. Um texto é uma unidade linguística de extensão superior à frase.\n13\nTexto é um conjunto de palavras e frases encadeadas que permitem interpretação e transmitem uma mensagem. É qualquer obra escrita em versão original e que constitui um livro ou um documento escrito. Um texto é uma unidade linguística de extensão superior à frase.\n14\nTexto é um conjunto de palavras e frases encadeadas que permitem interpretação e transmitem uma mensagem. É qualquer obra escrita em versão original e que constitui um livro ou um documento escrito. Um texto é uma unidade linguística de extensão superior à frase.\n15\nTexto é um conjunto de palavras e frases encadeadas que permitem interpretação e transmitem uma mensagem. É qualquer obra escrita em versão original e que constitui um livro ou um documento escrito. Um texto é uma unidade linguística de extensão superior à frase.\n16\nTexto é um conjunto de palavras e frases encadeadas que permitem interpretação e transmitem uma mensagem. É qualquer obra escrita em versão original e que constitui um livro ou um documento escrito. Um texto é uma unidade linguística de extensão superior à frase.\n17\nTexto é um conjunto de palavras e frases encadeadas que permitem interpretação e transmitem uma mensagem. É qualquer obra escrita em versão original e que constitui um livro ou um documento escrito. Um texto é uma unidade linguística de extensão superior à frase.\n18\nTexto é um conjunto de palavras e frases encadeadas que permitem interpretação e transmitem uma mensagem. É qualquer obra escrita em versão original e que constitui um livro ou um documento escrito. Um texto é uma unidade linguística de extensão superior à frase.\n19\nTexto é um conjunto de palavras e frases encadeadas que permitem interpretação e transmitem uma mensagem. É qualquer obra escrita em versão original e que constitui um livro ou um documento escrito. Um texto é uma unidade linguística de extensão superior à frase.\n20\nTexto é um conjunto de palavras e frases encadeadas que permitem interpretação e transmitem uma mensagem. É qualquer obra escrita em versão original e que constitui um livro ou um documento escrito. Um texto é uma unidade linguística de extensão superior à frase.\n","modoPreparo":"1\nTexto é um conjunto de palavras e frases encadeadas que permitem interpretação e transmitem uma mensagem. É qualquer obra escrita em versão original e que constitui um livro ou um documento escrito. Um texto é uma unidade linguística de extensão superior à frase.\n2\nTexto é um conjunto de palavras e frases encadeadas que permitem interpretação e transmitem uma mensagem. É qualquer obra escrita em versão original e que constitui um livro ou um documento escrito. Um texto é uma unidade linguística de extensão superior à frase.\n3\nTexto é um conjunto de palavras e frases encadeadas que permitem interpretação e transmitem uma mensagem. É qualquer obra escrita em versão original e que constitui um livro ou um documento escrito. Um texto é uma unidade linguística de extensão superior à frase.\n4\nTexto é um conjunto de palavras e frases encadeadas que permitem interpretação e transmitem uma mensagem. É qualquer obra escrita em versão original e que constitui um livro ou um documento escrito. Um texto é uma unidade linguística de extensão superior à frase.\n5\nTexto é um conjunto de palavras e frases encadeadas que permitem interpretação e transmitem uma mensagem. É qualquer obra escrita em versão original e que constitui um livro ou um documento escrito. Um texto é uma unidade linguística de extensão superior à frase.\n6\nTexto é um conjunto de palavras e frases encadeadas que permitem interpretação e transmitem uma mensagem. É qualquer obra escrita em versão original e que constitui um livro ou um documento escrito. Um texto é uma unidade linguística de extensão superior à frase.\n7\nTexto é um conjunto de palavras e frases encadeadas que permitem interpretação e transmitem uma mensagem. É qualquer obra escrita em versão original e que constitui um livro ou um documento escrito. Um texto é uma unidade linguística de extensão superior à frase.\n8\nTexto é um conjunto de palavras e frases encadeadas que permitem interpretação e transmitem uma mensagem. É qualquer obra escrita em versão original e que constitui um livro ou um documento escrito. Um texto é uma unidade linguística de extensão superior à frase.\n9\nTexto é um conjunto de palavras e frases encadeadas que permitem interpretação e transmitem uma mensagem. É qualquer obra escrita em versão original e que constitui um livro ou um documento escrito. Um texto é uma unidade linguística de extensão superior à frase.\n10\nTexto é um conjunto de palavras e frases encadeadas que permitem interpretação e transmitem uma mensagem. É qualquer obra escrita em versão original e que constitui um livro ou um documento escrito. Um texto é uma unidade linguística de extensão superior à frase.\n11\nTexto é um conjunto de palavras e frases encadeadas que permitem interpretação e transmitem uma mensagem. É qualquer obra escrita em versão original e que constitui um livro ou um documento escrito. Um texto é uma unidade linguística de extensão superior à frase.\n12\nTexto é um conjunto de palavras e frases encadeadas que permitem interpretação e transmitem uma mensagem. É qualquer obra escrita em versão original e que constitui um livro ou um documento escrito. Um texto é uma unidade linguística de extensão superior à frase.\n13\nTexto é um conjunto de palavras e frases encadeadas que permitem interpretação e transmitem uma mensagem. É qualquer obra escrita em versão original e que constitui um livro ou um documento escrito. Um texto é uma unidade linguística de extensão superior à frase.\n14\nTexto é um conjunto de palavras e frases encadeadas que permitem interpretação e transmitem uma mensagem. É qualquer obra escrita em versão original e que constitui um livro ou um documento escrito. Um texto é uma unidade linguística de extensão superior à frase.\n15\nTexto é um conjunto de palavras e frases encadeadas que permitem interpretação e transmitem uma mensagem. É qualquer obra escrita em versão original e que constitui um livro ou um documento escrito. Um texto é uma unidade linguística de extensão superior à frase.\n16\nTexto é um conjunto de palavras e frases encadeadas que permitem interpretação e transmitem uma mensagem. É qualquer obra escrita em versão original e que constitui um livro ou um documento escrito. Um texto é uma unidade linguística de extensão superior à frase.\n17\nTexto é um conjunto de palavras e frases encadeadas que permitem interpretação e transmitem uma mensagem. É qualquer obra escrita em versão original e que constitui um livro ou um documento escrito. Um texto é uma unidade linguística de extensão superior à frase.\n18\nTexto é um conjunto de palavras e frases encadeadas que permitem interpretação e transmitem uma mensagem. É qualquer obra escrita em versão original e que constitui um livro ou um documento escrito. Um texto é uma unidade linguística de extensão superior à frase.\n19\nTexto é um conjunto de palavras e frases encadeadas que permitem interpretação e transmitem uma mensagem. É qualquer obra escrita em versão original e que constitui um livro ou um documento escrito. Um texto é uma unidade linguística de extensão superior à frase.\n20\nTexto é um conjunto de palavras e frases encadeadas que permitem interpretação e transmitem uma mensagem. É qualquer obra escrita em versão original e que constitui um livro ou um documento escrito. Um texto é uma unidade linguística de extensão superior à frase.\n","tipoReceita":"BEBIDA","tiposComida":null,"tipoCaloria":null,"tiposBebida":[{"nome":"SUCO NATURAL"}],"tipoReceitaDetalhado":"BEBIDA SUCO NATURAL"},{"nome":"RECEITA 800","ingredientes":"1\nTexto é um conjunto de palavras e frases encadeadas que permitem interpretação e transmitem uma mensagem. É qualquer obra escrita em versão original e que constitui um livro ou um documento escrito. Um texto é uma unidade linguística de extensão superior à frase.\n2\nTexto é um conjunto de palavras e frases encadeadas que permitem interpretação e transmitem uma mensagem. É qualquer obra escrita em versão original e que constitui um livro ou um documento escrito. Um texto é uma unidade linguística de extensão superior à frase.\n3\nTexto é um conjunto de palavras e frases encadeadas que permitem interpretação e transmitem uma mensagem. É qualquer obra escrita em versão original e que constitui um livro ou um documento escrito. Um texto é uma unidade linguística de extensão superior à frase.\n4\nTexto é um conjunto de palavras e frases encadeadas que permitem interpretação e transmitem uma mensagem. É qualquer obra escrita em versão original e que constitui um livro ou um documento escrito. Um texto é uma unidade linguística de extensão superior à frase.\n5\nTexto é um conjunto de palavras e frases encadeadas que permitem interpretação e transmitem uma mensagem. É qualquer obra escrita em versão original e que constitui um livro ou um documento escrito. Um texto é uma unidade linguística de extensão superior à frase.\n6\nTexto é um conjunto de palavras e frases encadeadas que permitem interpretação e transmitem uma mensagem. É qualquer obra escrita em versão original e que constitui um livro ou um documento escrito. Um texto é uma unidade linguística de extensão superior à frase.\n7\nTexto é um conjunto de palavras e frases encadeadas que permitem interpretação e transmitem uma mensagem. É qualquer obra escrita em versão original e que constitui um livro ou um documento escrito. Um texto é uma unidade linguística de extensão superior à frase.\n8\nTexto é um conjunto de palavras e frases encadeadas que permitem interpretação e transmitem uma mensagem. É qualquer obra escrita em versão original e que constitui um livro ou um documento escrito. Um texto é uma unidade linguística de extensão superior à frase.\n9\nTexto é um conjunto de palavras e frases encadeadas que permitem interpretação e transmitem uma mensagem. É qualquer obra escrita em versão original e que constitui um livro ou um documento escrito. Um texto é uma unidade linguística de extensão superior à frase.\n10\nTexto é um conjunto de palavras e frases encadeadas que permitem interpretação e transmitem uma mensagem. É qualquer obra escrita em versão original e que constitui um livro ou um documento escrito. Um texto é uma unidade linguística de extensão superior à frase.\n11\nTexto é um conjunto de palavras e frases encadeadas que permitem interpretação e transmitem uma mensagem. É qualquer obra escrita em versão original e que constitui um livro ou um documento escrito. Um texto é uma unidade linguística de extensão superior à frase.\n12\nTexto é um conjunto de palavras e frases encadeadas que permitem interpretação e transmitem uma mensagem. É qualquer obra escrita em versão original e que constitui um livro ou um documento escrito. Um texto é uma unidade linguística de extensão superior à frase.\n13\nTexto é um conjunto de palavras e frases encadeadas que permitem interpretação e transmitem uma mensagem. É qualquer obra escrita em versão original e que constitui um livro ou um documento escrito. Um texto é uma unidade linguística de extensão superior à frase.\n14\nTexto é um conjunto de palavras e frases encadeadas que permitem interpretação e transmitem uma mensagem. É qualquer obra escrita em versão original e que constitui um livro ou um documento escrito. Um texto é uma unidade linguística de extensão superior à frase.\n15\nTexto é um conjunto de palavras e frases encadeadas que permitem interpretação e transmitem uma mensagem. É qualquer obra escrita em versão original e que constitui um livro ou um documento escrito. Um texto é uma unidade linguística de extensão superior à frase.\n16\nTexto é um conjunto de palavras e frases encadeadas que permitem interpretação e transmitem uma mensagem. É qualquer obra escrita em versão original e que constitui um livro ou um documento escrito. Um texto é uma unidade linguística de extensão superior à frase.\n17\nTexto é um conjunto de palavras e frases encadeadas que permitem interpretação e transmitem uma mensagem. É qualquer obra escrita em versão original e que constitui um livro ou um documento escrito. Um texto é uma unidade linguística de extensão superior à frase.\n18\nTexto é um conjunto de palavras e frases encadeadas que permitem interpretação e transmitem uma mensagem. É qualquer obra escrita em versão original e que constitui um livro ou um documento escrito. Um texto é uma unidade linguística de extensão superior à frase.\n19\nTexto é um conjunto de palavras e frases encadeadas que permitem interpretação e transmitem uma mensagem. É qualquer obra escrita em versão original e que constitui um livro ou um documento escrito. Um texto é uma unidade linguística de extensão superior à frase.\n20\nTexto é um conjunto de palavras e frases encadeadas que permitem interpretação e transmitem uma mensagem. É qualquer obra escrita em versão original e que constitui um livro ou um documento escrito. Um texto é uma unidade linguística de extensão superior à frase.\n","modoPreparo":"1\nTexto é um conjunto de palavras e frases encadeadas que permitem interpretação e transmitem uma mensagem. É qualquer obra escrita em versão original e que constitui um livro ou um documento escrito. Um texto é uma unidade linguística de extensão superior à frase.\n2\nTexto é um conjunto de palavras e frases encadeadas que permitem interpretação e transmitem uma mensagem. É qualquer obra escrita em versão original e que constitui um livro ou um documento escrito. Um texto é uma unidade linguística de extensão superior à frase.\n3\nTexto é um conjunto de palavras e frases encadeadas que permitem interpretação e transmitem uma mensagem. É qualquer obra escrita em versão original e que constitui um livro ou um documento escrito. Um texto é uma unidade linguística de extensão superior à frase.\n4\nTexto é um conjunto de palavras e frases encadeadas que permitem interpretação e transmitem uma mensagem. É qualquer obra escrita em versão original e que constitui um livro ou um documento escrito. Um texto é uma unidade linguística de extensão superior à frase.\n5\nTexto é um conjunto de palavras e frases encadeadas que permitem interpretação e transmitem uma mensagem. É qualquer obra escrita em versão original e que constitui um livro ou um documento escrito. Um texto é uma unidade linguística de extensão superior à frase.\n6\nTexto é um conjunto de palavras e frases encadeadas que permitem interpretação e transmitem uma mensagem. É qualquer obra escrita em versão original e que constitui um livro ou um documento escrito. Um texto é uma unidade linguística de extensão superior à frase.\n7\nTexto é um conjunto de palavras e frases encadeadas que permitem interpretação e transmitem uma mensagem. É qualquer obra escrita em versão original e que constitui um livro ou um documento escrito. Um texto é uma unidade linguística de extensão superior à frase.\n8\nTexto é um conjunto de palavras e frases encadeadas que permitem interpretação e transmitem uma mensagem. É qualquer obra escrita em versão original e que constitui um livro ou um documento escrito. Um texto é uma unidade linguística de extensão superior à frase.\n9\nTexto é um conjunto de palavras e frases encadeadas que permitem interpretação e transmitem uma mensagem. É qualquer obra escrita em versão original e que constitui um livro ou um documento escrito. Um texto é uma unidade linguística de extensão superior à frase.\n10\nTexto é um conjunto de palavras e frases encadeadas que permitem interpretação e transmitem uma mensagem. É qualquer obra escrita em versão original e que constitui um livro ou um documento escrito. Um texto é uma unidade linguística de extensão superior à frase.\n11\nTexto é um conjunto de palavras e frases encadeadas que permitem interpretação e transmitem uma mensagem. É qualquer obra escrita em versão original e que constitui um livro ou um documento escrito. Um texto é uma unidade linguística de extensão superior à frase.\n12\nTexto é um conjunto de palavras e frases encadeadas que permitem interpretação e transmitem uma mensagem. É qualquer obra escrita em versão original e que constitui um livro ou um documento escrito. Um texto é uma unidade linguística de extensão superior à frase.\n13\nTexto é um conjunto de palavras e frases encadeadas que permitem interpretação e transmitem uma mensagem. É qualquer obra escrita em versão original e que constitui um livro ou um documento escrito. Um texto é uma unidade linguística de extensão superior à frase.\n14\nTexto é um conjunto de palavras e frases encadeadas que permitem interpretação e transmitem uma mensagem. É qualquer obra escrita em versão original e que constitui um livro ou um documento escrito. Um texto é uma unidade linguística de extensão superior à frase.\n15\nTexto é um conjunto de palavras e frases encadeadas que permitem interpretação e transmitem uma mensagem. É qualquer obra escrita em versão original e que constitui um livro ou um documento escrito. Um texto é uma unidade linguística de extensão superior à frase.\n16\nTexto é um conjunto de palavras e frases encadeadas que permitem interpretação e transmitem uma mensagem. É qualquer obra escrita em versão original e que constitui um livro ou um documento escrito. Um texto é uma unidade linguística de extensão superior à frase.\n17\nTexto é um conjunto de palavras e frases encadeadas que permitem interpretação e transmitem uma mensagem. É qualquer obra escrita em versão original e que constitui um livro ou um documento escrito. Um texto é uma unidade linguística de extensão superior à frase.\n18\nTexto é um conjunto de palavras e frases encadeadas que permitem interpretação e transmitem uma mensagem. É qualquer obra escrita em versão original e que constitui um livro ou um documento escrito. Um texto é uma unidade linguística de extensão superior à frase.\n19\nTexto é um conjunto de palavras e frases encadeadas que permitem interpretação e transmitem uma mensagem. É qualquer obra escrita em versão original e que constitui um livro ou um documento escrito. Um texto é uma unidade linguística de extensão superior à frase.\n20\nTexto é um conjunto de palavras e frases encadeadas que permitem interpretação e transmitem uma mensagem. É qualquer obra escrita em versão original e que constitui um livro ou um documento escrito. Um texto é uma unidade linguística de extensão superior à frase.\n","tipoReceita":"COMIDA","tiposComida":[{"nome":"FARORA"},{"nome":"PIZZA"},{"nome":"SOBREMESA"}],"tipoCaloria":{"nome":"5  HIPER CALÓRICA"},"tiposBebida":null,"tipoReceitaDetalhado":"COMIDA FARORA,PIZZA,SOBREMESA - 5  HIPER CALÓRICA"},{"nome":"SALADA COM ABACATE","ingredientes":"1 ABACATE PICADO\n1/2 MAÇO DE RÚCULA\n1/2 MAÇO DE ALFACE\nAZEITE DE OLIVA\n3 COLHERES DE AMENDOIM TORRADO AMASSADO","modoPreparo":"MISTURE TUDO. \nTEMPERE A GOSTO.","tipoReceita":"COMIDA","tiposComida":[{"nome":"VEGETARIANA"}],"tipoCaloria":{"nome":"2  CALÓRICA"},"tiposBebida":null,"tipoReceitaDetalhado":"COMIDA VEGETARIANA - 2  CALÓRICA"},{"nome":"SUCO DE LARANJA","ingredientes":"4 LARANJAS\nAGUA MINERAL","modoPreparo":"","tipoReceita":"BEBIDA","tiposComida":null,"tipoCaloria":null,"tiposBebida":[{"nome":"SUCO NATURAL"}],"tipoReceitaDetalhado":"BEBIDA SUCO NATURAL"},{"nome":"SUCO DE LIMÃO","ingredientes":"5 LIMOES\n1 LITRO AGUA MINERAO\nAÇUCAR ","modoPreparo":"CORTE OU EXPREMA OS LIMOES NA AGUA.\nMISTURE AÇUCAR.\nSIRVA.","tipoReceita":"BEBIDA","tiposComida":null,"tipoCaloria":null,"tiposBebida":[{"nome":"SUCO NATURAL"}],"tipoReceitaDetalhado":"BEBIDA SUCO NATURAL"},{"nome":"SUCO DE MELANCIA","ingredientes":"1/4 DE UMA MELANCIA\n1/2 LITRO DE AGUA MINERAL\nAÇUCAR","modoPreparo":"BATA TUDO ATÉ MISTURAR.\nSERVIR GELADO.","tipoReceita":"BEBIDA","tiposComida":null,"tipoCaloria":null,"tiposBebida":[{"nome":"SUCO NATURAL"}],"tipoReceitaDetalhado":"BEBIDA SUCO NATURAL"},{"nome":"SUCO MELÃO","ingredientes":"1 MELAO \n1/2 LITRO AGUA BOA","modoPreparo":"BATA TUDO ATÉ MISTURAR BEM. \nSIRVA.","tipoReceita":"BEBIDA","tiposComida":null,"tipoCaloria":null,"tiposBebida":[{"nome":"SUCO NATURAL"}],"tipoReceitaDetalhado":"BEBIDA SUCO NATURAL"}]