[{"nome":"ARROZ E FEIJÃO","ingredientes":"1/2 KG DE ARROZ\n1/2 KG DE FEIJAO\n10 FOLHAS DE LORO\n1 LITRO DE AGUA BOA","modoPreparo":"LAKÇSLDKJFAÇSKLDFJASLDF\nASDJFHASKLDJFHALSKDFHAKLSJDFHA\nSDKFJHASKDFHASK\nASDKJFASDFKAJF\nSADFJHASJKLDFHALSKDJFHASKLDFJHWQIUERYQWOYE\\\n","tipoReceita":"COMIDA","tiposComida":[{"nome":"GRÃOS"}],"tipoCaloria":{"nome":"1  POUCO CALORIA"},"tiposBebida":null},{"nome":"BRÓCOLIS AFRODISÍACO","ingredientes":"1 BROCOLIS\n20 DENTES DE ALHO\n1 PEDACO GRANDE DE GENGIBRE\nCURRY\n","modoPreparo":"","tipoReceita":"COMIDA","tiposComida":[{"nome":"VEGETARIANA"}],"tipoCaloria":{"nome":"1  POUCO CALORIA"},"tiposBebida":null},{"nome":"FAROFA PIRLIMPIMPIM","ingredientes":"1 CEBOLA\n20 AZEITONAS PICADAS\n3 TOMATES\n3 OVOS\n300 GR DE FARINHA MANDIOCA TORRADA\n3 CONDIMENTOS\nOLEO VEGETAL\nOLEO OLIVA\nMANTEIGA","modoPreparo":"ALSKDFJLA\nASLDKFJASLDKFJ\nLKAJSDF\n","tipoReceita":"COMIDA","tiposComida":[{"nome":"FARORA"},{"nome":"VEGETARIANA"}],"tipoCaloria":{"nome":"1  POUCO CALORIA"},"tiposBebida":null},{"nome":"SALADA COM ABACATE","ingredientes":"1 ABACATE PICADO\n1/2 MAÇO DE RÚCULA\n1/2 MAÇO DE ALFACE\nAZEITE DE OLIVA\n3 COLHERES DE AMENDOIM TORRADO AMASSADO","modoPreparo":"MISTURE TUDO. \nTEMPERE A GOSTO.","tipoReceita":"COMIDA","tiposComida":[{"nome":"SALADA"},{"nome":"VEGETARIANA"}],"tipoCaloria":{"nome":"2  CALÓRICA"},"tiposBebida":null},{"nome":"SUCO DE LARANJA","ingredientes":"4 LARANJAS\nAGUA MINERAL","modoPreparo":"","tipoReceita":"BEBIDA","tiposComida":null,"tipoCaloria":null,"tiposBebida":[{"nome":"SUCO NATURAL"}]},{"nome":"SUCO DE LIMÃO","ingredientes":"5 LIMOES\n1 LITRO AGUA MINERAO\nAÇUCAR ","modoPreparo":"CORTE OU EXPREMA OS LIMOES NA AGUA.\nMISTURE AÇUCAR.\nSIRVA.","tipoReceita":"BEBIDA","tiposComida":null,"tipoCaloria":null,"tiposBebida":[{"nome":"SUCO NATURAL"}]},{"nome":"SUCO DE MELANCIA","ingredientes":"1/4 DE UMA MELANCIA\n1/2 LITRO DE AGUA MINERAL\nAÇUCAR","modoPreparo":"BATA TUDO ATÉ MISTURAR.\nSERVIR GELADO.","tipoReceita":"BEBIDA","tiposComida":null,"tipoCaloria":null,"tiposBebida":[{"nome":"SUCO NATURAL"}]},{"nome":"SUCO MELÃO","ingredientes":"1 MELAO \n1/2 LITRO AGUA BOA","modoPreparo":"BATA TUDO ATÉ MISTURAR BEM. \nSIRVA.","tipoReceita":"BEBIDA","tiposComida":null,"tipoCaloria":null,"tiposBebida":[{"nome":"SUCO NATURAL"}]}]